"brand_name","generic_name","product_code","indication_name"
"Tazverik","Tazemetostat","EPZ-6438","Epithelioid Sarcoma"
"Opdivo","Nivolumab","BMS-936558","Colorectal Cancer"
"Opdualag","Nivolumab/relatlimab-rmbw","LAG525","Melanoma"
"Tecentriq Hybreza","Atezolizumab/hyaluronidase-tqjs","RO5541267","Alveolar Soft Part Sarcoma"
"DUPIXENT","dupilumab","REGN668","Asthma"
"QULIPTA","Atogepant","MK-8031","Migraine"
"Empliciti","Elotuzumab","HuLuc63","Multiple myeloma"
"Zaltrap","Ziv-aflibercept","AVE0005","Colorectal cancer"
"Balversa","Erdafitinib","JNJ-42756493","Urothelial carcinoma"
"Augtyro","Repotrectinib","TPX-0005","Non-Small Cell Lung Cancer"
"TEZSPIRE","tezepelumab","MEDI9929","Severe asthma"
"Darzalex Faspro","Daratumumab/hyaluronidase-fihj","JNJ-54767414","Light Chain (AL) Amyloidosis"
"Rybrevant","Amivantamab-vmjw","JNJ-61186372","Non-small cell lung cancer"
"Herceptin Hylecta","Trastuzumab/hyaluronidase-oysk","CT-P6","Breast Cancer"
"VYEPTI","Eptinezumab","ALD403","Migraine"
"Reblozyl","Luspatercept-aamt","Luspatercept","Myelodysplastic Syndromes"
"Brukinsa","Zanubrutinib","BGB-3111","Follicular lymphoma"
"Tukysa","Tucatinib","ONT-380","Colorectal Cancer"
"Voranigo","Vorolanib","Vorolanib","Grade 2 astrocytoma or oligodendroglioma"
"Darzalex","Daratumumab","JNJ-54767414","High-Risk Smoldering Multiple Myeloma"
"Brukinsa","Zanubrutinib","BGB-3111","WaldenstrÃ¶m's macroglobulinemia"
"Darzalex Faspro","Daratumumab/hyaluronidase-fihj","JNJ-54767414","High-Risk Smoldering Multiple Myeloma"
"ADBRY","tralokinumab","CAT-354","Atopic Dermatitis"
"Tauvid","Flortaucipir F 18","Tauvid","Alzheimer's disease"
"DUPIXENT","dupilumab","REGN668","Bullous Pemphigoid"
"Avzivi","Bevacizumab-tnjn","ABP 215","Epithelial ovarian cancer"
"Grafapex","Treosulfan","Treosulfan","Myelodysplastic Syndrome"
"Lenvima","Lenvatinib","E7080","Renal Cell Carcinoma"
"Verzenio","Abemaciclib","LY2835219","Breast Cancer"
"Ruxience","Rituximab-pvvr","PF-05280586","Non-Hodgkin's Lymphoma"
"Kymriah","Tisagenlecleucel","Kymriah","B-cell precursor acute lymphoblastic leukemia"
"Bavencio","Avelumab","MSB0010718C","Urothelial Carcinoma"
"Lenvima","Lenvatinib","E7080","Endometrial Carcinoma"
"Keytruda","Pembrolizumab","MK-3475","Head and Neck Squamous Cell Carcinoma"
"Rubraca","Rucaparib","AG-014699","Epithelial ovarian cancer"
"Padcev","Enfortumab vedotin-ejfv","ASG-22ME","Urothelial cancer"
"Opdivo Qvantig","Nivolumab","Nivolumab","Gastric Cancer"
"Opdivo","Nivolumab","BMS-936558","Non-Small Cell Lung Cancer"
"Releuko","Filgrastim-ayow","Filgrastim","Autologous hematopoietic progenitor cell mobilization"
"Zirabev","Bevacizumab-bvzr","PF-06439535","Non-Small Cell Lung Cancer"
"Welireg","Belzutifan","MK-6482","von Hippel-Lindau disease"
"Keytruda","Pembrolizumab","MK-3475","Microsatellite Instability-High or Mismatch Repair Deficient Colorectal Cancer"
"Rolvedon","Eflapegrastim-xnst","Eflapegrastim","Non-myeloid malignancies"
"Pavblu","Aflibercept","Aflibercept","Diabetic Macular Edema"
"Lorbrena","Lorlatinib","PF-06463922","Non-small cell lung cancer"
"Udenyca","Pegfilgrastim-cbqv","Pegfilgrastim","Non-myeloid malignancies"
"penpulimab-kcqx","Penpulimab","Penpulimab","Nasopharyngeal carcinoma"
"Opdivo","Nivolumab","BMS-936558","Hepatocellular Carcinoma"
"Nypozi","Tbo-filgrastim","Tbo-filgrastim","Severe chronic neutropenia"
"Kymriah","Tisagenlecleucel","Kymriah","Follicular lymphoma"
"AIMOVIG","Erenumab","AMG 334","Migraine"
"Inqovi","Decitabine/cedazuridine","Inqovi","Myelodysplastic Syndromes"
"Lunsumio","Mosunetuzumab-axgb","RO7030816","Follicular lymphoma"
"Keytruda","Pembrolizumab","MK-3475","Merkel Cell Carcinoma"
"Kanjinti","Trastuzumab-anns","ABP 980","Gastric or Gastroesophageal Junction Adenocarcinoma"
"Eylea HD","Aflibercept","Aflibercept","Neovascular Age-Related Macular Degeneration"
"Pluvicto","Lutetium Lu 177 vipivotide tetraxetan","PSMA-617","Prostate cancer"
"Mekinist","Trametinib","GSK1120212","Non-Small Cell Lung Cancer"
"Lymphoseek","Technetium Tc 99m tilmanocept","Lymphoseek","Breast cancer"
"Ospomyv","Aflibercept","Aflibercept","Osteoporosis"
"Grafapex","Treosulfan","Treosulfan","Acute Myeloid Leukemia"
"DUPIXENT","dupilumab","REGN668","Atopic Dermatitis"
"Rylaze","Asparaginase erwinia chrysanthemi (recombinant)-rywn","NULL","Acute lymphoblastic leukemia"
"Libtayo","Cemiplimab-rwlc","REGN2810","Non-Small Cell Lung Cancer"
"Cotellic","Cobimetinib","GDC-0973","Histiocytic Neoplasms"
"Zarxio","Filgrastim-sndz","Filgrastim","Autologous hematopoietic progenitor cell mobilization"
"Gazyva","Obinutuzumab","RO5072759","Chronic Lymphocytic Leukemia"
"Poteligeo","Mogamulizumab-kpkc","KW-0761","Cutaneous T-cell lymphoma"
"Ruxience","Rituximab-pvvr","PF-05280586","Rheumatoid Arthritis"
"RINVOQ","upadacitinib","upadacitinib","Ankylosing Spondylitis"
"Enhertu","Fam-trastuzumab deruxtecan-nxki","DS-8201","Breast Cancer"
"Imfinzi","Durvalumab","MEDI4736","Endometrial Cancer"
"Vitrakvi","Larotrectinib","LOXO-101","Solid tumors"
"Imbruvica","Ibrutinib","PCI-32765","Chronic Graft-versus-Host Disease"
"Keytruda","Pembrolizumab","MK-3475","Tumor Mutational Burden-High Solid Tumors"
"Zarxio","Filgrastim-sndz","Filgrastim","Nonmyeloid malignancies"
"Lynparza","Olaparib","AZD2281","Pancreatic cancer"
"Zirabev","Bevacizumab-bvzr","PF-06439535","Epithelial Ovarian Cancer"
"NUCALA","mepolizumab","SB-240563","Severe asthma"
"Mvasi","Bevacizumab-awwb","ABP 215","Epithelial ovarian cancer"
"Yesintek","Aflibercept","Aflibercept","Plaque Psoriasis"
"DUPIXENT","dupilumab","REGN668","Eosinophilic Esophagitis"
"Enhertu","Fam-trastuzumab deruxtecan-nxki","DS-8201","Non-Small Cell Lung Cancer"
"Opdivo Qvantig","Nivolumab","Nivolumab","Urothelial Carcinoma"
"Cometriq","Cabozantinib","XL184","Medullary thyroid cancer"
"Carvykti","Ciltacabtagene autoleucel","Carvykti","Multiple myeloma"
"Piqray","Alpelisib","BYL719","Breast Cancer"
"FASENRA","benralizumab","MEDI-563","Eosinophilic granulomatosis with polyangiitis"
"CIBINQO","abrocitinib","PF-04965842","Atopic dermatitis"
"Reblozyl","Luspatercept-aamt","Luspatercept","Beta Thalassemia"
"Tecentriq","Atezolizumab","MPDL3280A","Alveolar Soft Part Sarcoma"
"Keytruda","Pembrolizumab","MK-3475","Microsatellite Instability-High or Mismatch Repair Deficient Solid Tumors"
"Vegzelma","Bevacizumab-adcd","CT-P16","Colorectal Cancer"
"Kisqali","Ribociclib","LEE011","Breast Cancer"
"Opdivo Qvantig","Nivolumab","Nivolumab","Colorectal Cancer"
"Besremi","Ropeginterferon alfa-2b-njft","NULL","Polycythemia vera"
"Vonjo","Pacritinib","SB1518","Myelofibrosis"
"Talzenna","Talazoparib","BMN 673","Prostate Cancer"
"Netspot","Gallium Ga 68 dotatate","Netspot","Neuroendocrine Tumors"
"Fylnetra","Pegfilgrastim-pbbk","Pegfilgrastim","Non-myeloid malignancies"
"Tukysa","Tucatinib","ONT-380","Breast Cancer"
"Elrexfio","Elranatamab-bcmm","PF-06863135","Multiple myeloma"
"Tazverik","Tazemetostat","EPZ-6438","Follicular Lymphoma"
"Opdivo Qvantig","Nivolumab","Nivolumab","Melanoma"
"Vegzelma","Bevacizumab-adcd","CT-P16","Epithelial Ovarian Cancer"
"Gomekli","Mirdametinib","Mirdametinib","Neurofibromatosis type 1"
"Ibrance","Palbociclib","PD-0332991","Breast Cancer"
"Pemazyre","Pemigatinib","INCB54828","Myeloid/Lymphoid Neoplasms"
"Reblozyl","Luspatercept-aamt","Luspatercept","Myelodysplastic Syndromes with Ring Sideroblasts or Myelodysplastic/Myeloproliferative Neoplasm with Ring Sideroblasts and Thrombocytosis"
"Pavblu","Aflibercept","Aflibercept","Neovascular Age-Related Macular Degeneration"
"REYVOW","Lasmiditan","LY573144","Migraine"
"Ahzantive","Aflibercept","HDBV","Neovascular Age-Related Macular Degeneration"
"Keytruda","Pembrolizumab","MK-3475","Triple-Negative Breast Cancer"
"NEMLUVIO","nemolizumab","CD14152","Atopic Dermatitis"
"Welireg","Belzutifan","MK-6482","renal cell carcinoma"
"Tecartus","Brexucabtagene autoleucel","Tecartus","Acute Lymphoblastic Leukemia"
"Lonsurf","Trifluridine/tipiracil","Lonsurf","Metastatic colorectal cancer"
"Zejula","Niraparib","MK-4827","Recurrent epithelial ovarian, fallopian tube, or primary peritoneal cancer"
"Tecentriq","Atezolizumab","MPDL3280A","Hepatocellular Carcinoma"
"Adstiladrin","Nadofaragene firadenovec-vncg","Nadofaragene firadenovec","Non-Muscle Invasive Bladder Cancer"
"Cosela","Trilaciclib","G1T28","Small Cell Lung Cancer"
"AMTAGVI","Lifileucel","Lifileucel","Melanoma"
"Braftovi","Encorafenib","LGX818","Non-Small Cell Lung Cancer"
"Truxima","Rituximab-abbs","CT-P10","Non-Hodgkin's Lymphoma"
"Enhertu","Fam-trastuzumab deruxtecan-nxki","DS-8201","Solid Tumors"
"Zydelig","Idelalisib","CAL-101","Chronic Lymphocytic Leukemia"
"Trodelvy","Sacituzumab govitecan-hziy","Sacituzumab govitecan","Breast Cancer"
"RINVOQ","upadacitinib","upadacitinib","Ulcerative Colitis"
"Nivestym","Filgrastim-aafi","Filgrastim","Autologous hematopoietic progenitor cell mobilization"
"Aphexda","Motixafortide","BL-8040","Multiple Myeloma"
"FASENRA","benralizumab","MEDI-563","Severe asthma"
"Yondelis","Trabectedin","ET-743","Liposarcoma"
"Releuko","Filgrastim-ayow","Filgrastim","Nonmyeloid malignancies"
"Imbruvica","Ibrutinib","PCI-32765","WaldenstrÃ¶mâs Macroglobulinemia"
"Xtandi","Enzalutamide","MDV3100","Prostate Cancer"
"Osenvelt","Aflibercept","Aflibercept","Multiple myeloma"
"Ontruzant","Trastuzumab-dttb","SB3","Breast Cancer"
"NEMLUVIO","nemolizumab","CD14152","Prurigo Nodularis"
"Tecentriq","Atezolizumab","MPDL3280A","Melanoma"
"Bosulif","Bosutinib","SKI-606","Chronic myelogenous leukemia"
"Rezurock","Belumosudil","NULL","Chronic graft-versus-host disease"
"Blenrep","Belantamab mafodotin-blmf","GSK2857916","Multiple Myeloma"
"Pomalyst","Pomalidomide","CC-4047","Multiple Myeloma"
"Keytruda","Pembrolizumab","MK-3475","Hepatocellular Carcinoma"
"Zykadia","Ceritinib","LDK378","Non-small cell lung cancer"
"Copiktra","Duvelisib","IPI-145","Small lymphocytic lymphoma"
"Enhertu","Fam-trastuzumab deruxtecan-nxki","DS-8201","Gastric or Gastroesophageal Junction Adenocarcinoma"
"Zynteglo","Betibeglogene autotemcel","LentiGlobin","Î²-thalassemia"
"Venclexta","Venetoclax","ABT-199","Chronic Lymphocytic Leukemia"
"Granix","Tbo-filgrastim","Tbo-filgrastim","Non-myeloid malignancies"
"Alymsys","Bevacizumab-maly","MVASI","Epithelial ovarian cancer"
"Monjuvi","Tafasitamab-cxix","MOR208","Follicular Lymphoma"
"Voraxaze","Glucarpidase","Glucarpidase","Methotrexate Toxicity"
"Keytruda","Pembrolizumab","MK-3475","Urothelial Cancer"
"Lymphoseek","Technetium Tc 99m tilmanocept","Lymphoseek","Melanoma"
"Gazyva","Obinutuzumab","RO5072759","Follicular Lymphoma"
"Breyanzi","Lisocabtagene maraleucel","Breyanzi","Large B-cell lymphoma"
"Xospata","Gilteritinib","ASP2215","Acute Myeloid Leukemia"
"Darzalex","Daratumumab","JNJ-54767414","Light Chain (AL) Amyloidosis"
"Truxima","Rituximab-abbs","CT-P10","Pemphigus Vulgaris"
"Mvasi","Bevacizumab-awwb","ABP 215","Cervical cancer"
"Kyprolis","Carfilzomib","PR-171","Multiple Myeloma"
"Nerlynx","Neratinib","HKI-272","Breast Cancer"
"Ogivri","Trastuzumab-dkst","MY1401O","Breast Cancer"
"Riabni","Rituximab-arrx","CT-P10","Granulomatosis with Polyangiitis and Microscopic Polyangiitis"
"Qinlock","Ripretinib","DCC-2618","Gastrointestinal stromal tumor"
"RINVOQ","upadacitinib","upadacitinib","Rheumatoid Arthritis"
"Fulphila","Pegfilgrastim-jmdb","Pegfilgrastim","Non-myeloid malignancies"
"Defitelio","Defibrotide","Defitelio","Hepatic veno-occlusive disease (VOD) / Sinusoidal obstruction syndrome (SOS)"
"Rydapt","Midostaurin","PKC412","Systemic Mastocytosis with Associated Hematological Neoplasm"
"Anktiva","Nogapendekin alfa inbakicept","BCG/IL-2","Nonmuscle Invasive Bladder Cancer"
"Vegzelma","Bevacizumab-adcd","CT-P16","Cervical Cancer"
"Ospomyv","Aflibercept","Aflibercept","Glucocorticoid-induced osteoporosis"
"Tecentriq Hybreza","Atezolizumab/hyaluronidase-tqjs","RO5541267","Hepatocellular Carcinoma"
"Rozlytrek","Entrectinib","RXDX-101","Solid Tumors with NTRK Gene Fusion"
"Imlygic","Talimogene laherparepvec","T-VEC","Melanoma"
"Idhifa","Enasidenib","AG-221","Acute Myeloid Leukemia"
"Pavblu","Aflibercept","Aflibercept","Diabetic Retinopathy"
"Welireg","Belzutifan","MK-6482","pheochromocytoma or paraganglioma"
"Kimmtrak","Tebentafusp-tebn","IMCgp100","Uveal melanoma"
"CINQAIR","reslizumab","SCH 55700","Severe asthma"
"Keytruda","Pembrolizumab","MK-3475","Melanoma"
"Avtozma","Aflibercept-ayow","Aflibercept","Cytokine Release Syndrome"
"Mvasi","Bevacizumab-awwb","ABP 215","Colorectal cancer"
"Ahzantive","Aflibercept","HDBV","Macular Edema"
"Iclusig","Ponatinib","AP24534","Chronic Myeloid Leukemia"
"Breyanzi","Lisocabtagene maraleucel","Breyanzi","Mantle cell lymphoma"
"Tecartus","Brexucabtagene autoleucel","Tecartus","Mantle Cell Lymphoma"
"Libtayo","Cemiplimab-rwlc","REGN2810","Cutaneous Squamous Cell Carcinoma"
"Mekinist","Trametinib","GSK1120212","Low-Grade Glioma"
"Lynparza","Olaparib","AZD2281","Prostate cancer"
"Tecentriq Hybreza","Atezolizumab/hyaluronidase-tqjs","RO5541267","Non-Small Cell Lung Cancer"
"Alecensa","Alectinib","RO5424802","Non-Small Cell Lung Cancer"
"Ospomyv","Aflibercept","Aflibercept","Bone loss due to androgen deprivation therapy"
"NUCALA","mepolizumab","SB-240563","Hypereosinophilic syndrome"
"DUPIXENT","dupilumab","REGN668","Prurigo Nodularis"
"Breyanzi","Lisocabtagene maraleucel","Breyanzi","Chronic lymphocytic leukemia or small lymphocytic lymphoma"
"Tivdak","Tisotumab vedotin-tftv","HuMax-TF-ADC","Cervical cancer"
"Venclexta","Venetoclax","ABT-199","Acute Myeloid Leukemia"
"Zirabev","Bevacizumab-bvzr","PF-06439535","Glioblastoma"
"Polivy","Polatuzumab vedotin-piiq","RG7596","Diffuse Large B-Cell Lymphoma"
"Tepmetko","Tepotinib","EMR 200095","Non-small cell lung cancer"
"Nypozi","Tbo-filgrastim","Tbo-filgrastim","Hematopoietic syndrome of acute radiation syndrome"
"Releuko","Filgrastim-ayow","Filgrastim","Severe chronic neutropenia"
"Imfinzi","Durvalumab","MEDI4736","Hepatocellular Carcinoma"
"Zirabev","Bevacizumab-bvzr","PF-06439535","Cervical Cancer"
"DUPIXENT","dupilumab","REGN668","Chronic Rhinosinusitis with Nasal Polyps"
"Ruxience","Rituximab-pvvr","PF-05280586","Pemphigus Vulgaris"
"Nypozi","Tbo-filgrastim","Tbo-filgrastim","Acute myeloid leukemia"
"Ruxience","Rituximab-pvvr","PF-05280586","Chronic Lymphocytic Leukemia"
"Fotivda","Tivozanib","AV-951","Renal cell carcinoma"
"ryoncil","Remestemcel-L","ryoncil","Acute graft versus host disease"
"Zarxio","Filgrastim-sndz","Filgrastim","Severe chronic neutropenia"
"Vizimpro","Dacomitinib","PF-00299804","Non-small cell lung cancer"
"UBRELVY","Ubrogepant","MK-1602","Migraine"
"RINVOQ","upadacitinib","upadacitinib","Non-radiographic Axial Spondyloarthritis"
"Vyloy","Zipalertinib","Zipalertinib","Gastric or gastroesophageal junction adenocarcinoma"
"Daurismo","Glasdegib","PF-04449913","Acute myeloid leukemia"
"Tecentriq","Atezolizumab","MPDL3280A","Non-Small Cell Lung Cancer"
"Keytruda","Pembrolizumab","MK-3475","Cutaneous Squamous Cell Carcinoma"
"Keytruda","Pembrolizumab","MK-3475","Non-Small Cell Lung Cancer"
"Opdivo","Nivolumab","BMS-936558","Squamous Cell Carcinoma of the Head and Neck"
"Bavencio","Avelumab","MSB0010718C","Renal Cell Carcinoma"
"LYFGENIA","Lovotibeglogene autotemcel","LentiGlobin","Sickle Cell Disease"
"Keytruda","Pembrolizumab","MK-3475","Cervical Cancer"
"Alymsys","Bevacizumab-maly","MVASI","Non-small cell lung cancer"
"Copiktra","Duvelisib","IPI-145","Chronic lymphocytic leukemia"
"Braftovi","Encorafenib","LGX818","Melanoma"
"Zarxio","Filgrastim-sndz","Filgrastim","Acute myeloid leukemia"
"Opdivo Qvantig","Nivolumab","Nivolumab","Esophageal Squamous Cell Carcinoma"
"Lynparza","Olaparib","AZD2281","Ovarian cancer"
"Ayvakit","Avapritinib","TP-101","Indolent Systemic Mastocytosis"
"Lymphir","Ipilimumab","Ipilimumab","Cutaneous T-cell lymphoma"
"Releuko","Filgrastim-ayow","Filgrastim","Hematopoietic syndrome of acute radiation syndrome"
"Opdivo Qvantig","Nivolumab","Nivolumab","Non-Small Cell Lung Cancer"
"Truxima","Rituximab-abbs","CT-P10","Chronic Lymphocytic Leukemia"
"TEZSPIRE","tezepelumab","MEDI9929","Chronic rhinosinusitis with nasal polyps"
"Beleodaq","Belinostat","PXD101","Peripheral T-cell lymphoma"
"Libtayo","Cemiplimab-rwlc","REGN2810","Basal Cell Carcinoma"
"Epkinly","Epcoritamab-bysp","GEN3013","Follicular Lymphoma"
"Brukinsa","Zanubrutinib","BGB-3111","Mantle cell lymphoma"
"Tecentriq Hybreza","Atezolizumab/hyaluronidase-tqjs","RO5541267","Small Cell Lung Cancer"
"Tecentriq","Atezolizumab","MPDL3280A","Small Cell Lung Cancer"
"RINVOQ","upadacitinib","upadacitinib","Psoriatic Arthritis"
"Ahzantive","Aflibercept","HDBV","Diabetic Macular Edema"
"Zepzelca","Lurbinectedin","PM01183","Small Cell Lung Cancer"
"Retevmo","Selpercatinib","LOXO-292","Thyroid Cancer"
"Rezlidhia","Olutasidenib","FT-2102","Acute Myeloid Leukemia"
"AJOVY","Fremanezumab","TEV-48125","Episodic migraine"
"Cytalux","Pafolacianine","Cytalux","Ovarian cancer"
"Vegzelma","Bevacizumab-adcd","CT-P16","Renal Cell Carcinoma"
"Ogsiveo","Nirogacestat","PF-03084014","Desmoid tumor"
"Bavencio","Avelumab","MSB0010718C","Merkel Cell Carcinoma"
"Turalio","Pexidartinib","PLX3397","Tenosynovial Giant Cell Tumor"
"Cyramza","Ramucirumab","IMC-1121B","Colorectal cancer"
"Besponsa","Inotuzumab ozogamicin","CMC-544","B-cell precursor acute lymphoblastic leukemia"
"Pomalyst","Pomalidomide","CC-4047","Kaposi Sarcoma"
"Rydapt","Midostaurin","PKC412","Aggressive Systemic Mastocytosis"
"Yescarta","Axicabtagene ciloleucel","Yescarta","Follicular lymphoma"
"Mekinist","Trametinib","GSK1120212","Solid Tumors"
"Nivestym","Filgrastim-aafi","Filgrastim","Severe chronic neutropenia"
"Calquence","Acalabrutinib","ACP-196","Chronic Lymphocytic Leukemia or Small Lymphocytic Lymphoma"
"Blincyto","Blinatumomab","MT103","B-cell precursor acute lymphoblastic leukemia"
"Keytruda","Pembrolizumab","MK-3475","Gastric Cancer"
"Nubeqa","Darolutamide","BAY1841788","Prostate Cancer"
"Kadcyla","Ado-trastuzumab emtansine","T-DM1","Breast Cancer"
"Cotellic","Cobimetinib","GDC-0973","Melanoma"
"Trazimera","Trastuzumab-qyyp","PF-05280014","Gastric or Gastroesophageal Junction Adenocarcinoma"
"Lenvima","Lenvatinib","E7080","Differentiated Thyroid Cancer"
"Avzivi","Bevacizumab-tnjn","ABP 215","Cervical cancer"
"Lonsurf","Trifluridine/tipiracil","Lonsurf","Metastatic gastric adenocarcinoma"
"Avtozma","Aflibercept-ayow","Aflibercept","Systemic Juvenile Idiopathic Arthritis"
"Avzivi","Bevacizumab-tnjn","ABP 215","Glioblastoma"
"Riabni","Rituximab-arrx","CT-P10","Chronic Lymphocytic Leukemia"
"Tibsovo","Ivosidenib","AG-120","Acute Myeloid Leukemia"
"Keytruda","Pembrolizumab","MK-3475","Renal Cell Carcinoma"
"Unituxin","Dinutuximab","Ch14.18","Neuroblastoma"
"Briumvi","Ublituximab-xiiy","TG-1101","Multiple Sclerosis"
"Elahere","Mirvetuximab soravtansine-gynx","IMGN853","Epithelial ovarian cancer"
"Opdivo","Nivolumab","BMS-936558","Renal Cell Carcinoma"
"Nivestym","Filgrastim-aafi","Filgrastim","Nonmyeloid malignancies"
"Asparlas","Calaspargase pegol-mknl","Calaspargase pegol","Acute Lymphoblastic Leukemia"
"Vanflyta","Quizartinib","AC220","Acute myeloid leukemia"
"Sylvant","Siltuximab","CNTO 328","Multicentric Castleman's Disease"
"Tevimbra","Tislelizumab","BGB-A317","Gastric or Gastroesophageal Junction Adenocarcinoma"
"Mvasi","Bevacizumab-awwb","ABP 215","Non-small cell lung cancer"
"Inlyta","Axitinib","AG-013736","Renal Cell Carcinoma"
"Imfinzi","Durvalumab","MEDI4736","Biliary Tract Cancer"
"Niktimvo","Tabelecleucel","Tabelecleucel","Chronic graft-versus-host disease"
"Revuforj","Revumenib","Revumenib","Acute leukemia"
"Abecma","Idecabtagene vicleucel","Abecma","Multiple myeloma"
"Ojjaara","Momelotinib","GS-0387","Myelofibrosis"
"Tabrecta","Capmatinib","INC280","Non-small cell lung cancer"
"Opdivo","Nivolumab","BMS-936558","Esophageal Squamous Cell Carcinoma"
"NURTEC","Rimegepant","BHV-3000","Migraine"
"Opdivo Qvantig","Nivolumab","Nivolumab","Squamous Cell Carcinoma of the Head and Neck"
"DUPIXENT","dupilumab","REGN668","Chronic Obstructive Pulmonary Disease"
"Rituxan Hycela","Rituximab/hyaluronidase human","RO5534262","Diffuse Large B-Cell Lymphoma"
"Krazati","Adagrasib","MRTX849","Non-small cell lung cancer"
"Brukinsa","Zanubrutinib","BGB-3111","Chronic lymphocytic leukemia or small lymphocytic lymphoma"
"Yesintek","Aflibercept","Aflibercept","Crohn's Disease"
"Osenvelt","Aflibercept","Aflibercept","Hypercalcemia of malignancy"
"Yescarta","Axicabtagene ciloleucel","Yescarta","Large B-cell lymphoma"
"Riabni","Rituximab-arrx","CT-P10","Rheumatoid Arthritis"
"Odomzo","Sonidegib","LDE225","Basal Cell Carcinoma"
"Alymsys","Bevacizumab-maly","MVASI","Renal cell carcinoma"
"Koselugo","Selumetinib","AZD6244","Neurofibromatosis type 1"
"Calquence","Acalabrutinib","ACP-196","Mantle Cell Lymphoma"
"OHTUVAYRE","ensifentrine","RPL554","Chronic Obstructive Pulmonary Disease"
"Ayvakit","Avapritinib","TP-101","Advanced Systemic Mastocytosis"
"Osenvelt","Aflibercept","Aflibercept","Bone metastases from solid tumors"
"Opdivo Qvantig","Nivolumab","Nivolumab","Esophageal Cancer"
"Hercessi","Trastuzumab-strf","CT-P6","Breast Cancer"
"Keytruda","Pembrolizumab","MK-3475","Malignant Pleural Mesothelioma"
"Ogivri","Trastuzumab-dkst","MY1401O","Gastric or Gastroesophageal Junction Adenocarcinoma"
"Unloxcyt","Uliledlimab","IBI110","Cutaneous squamous cell carcinoma"
"Rozlytrek","Entrectinib","RXDX-101","Non-Small Cell Lung Cancer"
"Retevmo","Selpercatinib","LOXO-292","Solid Tumors"
"Ontruzant","Trastuzumab-dttb","SB3","Gastric or Gastroesophageal Junction Adenocarcinoma"
"Braftovi","Encorafenib","LGX818","Colorectal Cancer"
"Xofigo","Radium Ra 223 dichloride","BAY88-8223","Prostate cancer"
"Avtozma","Aflibercept-ayow","Aflibercept","Coronavirus Disease 2019"
"Ospomyv","Aflibercept","Aflibercept","Bone loss due to aromatase inhibitor therapy"
"Nyvepria","Pegfilgrastim-apgf","Pegfilgrastim","Non-myeloid malignancies"
"Nypozi","Tbo-filgrastim","Tbo-filgrastim","Autologous hematopoietic progenitor cell mobilization"
"Ruxience","Rituximab-pvvr","PF-05280586","Granulomatosis with Polyangiitis and Microscopic Polyangiitis"
"Pemazyre","Pemigatinib","INCB54828","Cholangiocarcinoma"
"Mekinist","Trametinib","GSK1120212","Melanoma"
"Xermelo","Telotristat ethyl","NULL","Carcinoid syndrome diarrhea"
"Tibsovo","Ivosidenib","AG-120","Cholangiocarcinoma"
"Riabni","Rituximab-arrx","CT-P10","Non-Hodgkin's Lymphoma"
"Vegzelma","Bevacizumab-adcd","CT-P16","Glioblastoma"
"Keytruda","Pembrolizumab","MK-3475","Esophageal Cancer"
"Erivedge","Vismodegib","GDC-0449","Basal Cell Carcinoma"
"Stimufend","Pegfilgrastim-fpgk","Pegfilgrastim","Non-myeloid malignancies"
"Pylarify","Piflufolastat F 18","Pylarify","Prostate cancer"
"Imbruvica","Ibrutinib","PCI-32765","Chronic Lymphocytic Leukemia/Small Lymphocytic Lymphoma"
"Vizamyl","Flutemetamol F 18","Vizamyl","Cognitive impairment"
"Tafinlar","Dabrafenib","GSK2118436","Low-grade glioma"
"Cyramza","Ramucirumab","IMC-1121B","Gastric or gastro-esophageal junction adenocarcinoma"
"Ziextenzo","Pegfilgrastim-bmez","Pegfilgrastim","Hematopoietic Subsyndrome of Acute Radiation Syndrome"
"Lutathera","Lutetium Lu 177 dotatate","Lutathera","Gastroenteropancreatic neuroendocrine tumors"
"Ahzantive","Aflibercept","HDBV","Diabetic Retinopathy"
"Releuko","Filgrastim-ayow","Filgrastim","Acute myeloid leukemia"
"Gavreto","Pralsetinib","BLU-667","Non-Small Cell Lung Cancer"
"NUCALA","mepolizumab","SB-240563","Eosinophilic granulomatosis with polyangiitis"
"EBGLYSS","lebrikizumab","RG3637","Atopic Dermatitis"
"Orserdu","Elacestrant","ER-818","Breast Cancer"
"Avzivi","Bevacizumab-tnjn","ABP 215","Metastatic renal cell carcinoma"
"Jemperli","Dostarlimab-gxly","TSR-042","Endometrial Cancer"
"RINVOQ","upadacitinib","upadacitinib","Giant Cell Arteritis"
"ZAVZPRET","Zavegepant","BHV-3500","Migraine"
"Alymsys","Bevacizumab-maly","MVASI","Colorectal cancer"
"Detectnet","Copper Cu 64 dotatate","Detectnet","Neuroendocrine tumors"
"Opdivo","Nivolumab","BMS-936558","Melanoma"
"Augtyro","Repotrectinib","TPX-0005","Solid Tumors"
"Rituxan Hycela","Rituximab/hyaluronidase human","RO5534262","Chronic Lymphocytic Leukemia"
"Herzuma","Trastuzumab-pkrb","CT-P6","Breast Cancer"
"Lemtrada","Alemtuzumab","CAMPATH","Multiple Sclerosis"
"Rydapt","Midostaurin","PKC412","Mast Cell Leukemia"
"Lymphoseek","Technetium Tc 99m tilmanocept","Lymphoseek","Solid tumors"
"Opdivo","Nivolumab","BMS-936558","Esophageal Cancer"
"Datroway","Datopotamab deruxtecan-dlnk","Dato-DXd","Breast Cancer"
"Tafinlar","Dabrafenib","GSK2118436","Solid tumors"
"Ryzneuta","Efbemalenograstim alfa-vuxw","Efbemalenograstim","Non-myeloid malignancies"
"Iclusig","Ponatinib","AP24534","Philadelphia Chromosome-Positive Acute Lymphoblastic Leukemia"
"Stivarga","Regorafenib","BAY 73-4506","Colorectal Cancer"
"Keytruda","Pembrolizumab","MK-3475","Biliary Tract Cancer"
"Tagrisso","Osimertinib","AZD9291","Non-Small Cell Lung Cancer"
"Opdivo Qvantig","Nivolumab","Nivolumab","Hepatocellular Carcinoma"
"Loqtorzi","Toripalimab-tpzi","JS001","Nasopharyngeal carcinoma"
"Columvi","Glofitamab-gxbm","RO7082859","Diffuse large B-cell lymphoma"
"Alymsys","Bevacizumab-maly","MVASI","Cervical cancer"
"Ayvakit","Avapritinib","TP-101","Gastrointestinal Stromal Tumor"
"Yesintek","Aflibercept","Aflibercept","Ulcerative Colitis"
"RINVOQ","upadacitinib","upadacitinib","Atopic Dermatitis"
"Casgevy","Exagamglogene autotemcel","Casgevy","Sickle Cell Disease"
"Ojemda","Tovorafenib","DAY101","Pediatric low-grade glioma"
"Tafinlar","Dabrafenib","GSK2118436","Anaplastic thyroid cancer"
"RINVOQ","upadacitinib","upadacitinib","Polyarticular Juvenile Idiopathic Arthritis"
"Yondelis","Trabectedin","ET-743","Leiomyosarcoma"
"Mektovi","Binimetinib","MEK162","Melanoma"
"Vegzelma","Bevacizumab-adcd","CT-P16","Non-Small Cell Lung Cancer"
"Datroway","Datopotamab deruxtecan-dlnk","Dato-DXd","Non-Small Cell Lung Cancer"
"Avtozma","Aflibercept-ayow","Aflibercept","Polyarticular Juvenile Idiopathic Arthritis"
"Flyrcado","Florzifostim","Florzifostim","Coronary artery disease"
"Margenza","Margetuximab-cmkb","MGAH22","Breast Cancer"
"Krazati","Adagrasib","MRTX849","Colorectal cancer"
"Amyvid","Florbetapir F 18","AV-45","Cognitive impairment"
"Rituxan Hycela","Rituximab/hyaluronidase human","RO5534262","Follicular Lymphoma"
"Axumin","Fluciclovine F 18","Axumin","Prostate cancer"
"Lynparza","Olaparib","AZD2281","Breast cancer"
"Cerianna","Fluoroestradiol F 18","Cerianna","Breast Cancer"
"Nypozi","Tbo-filgrastim","Tbo-filgrastim","Nonmyeloid malignancies"
"Breyanzi","Lisocabtagene maraleucel","Breyanzi","Follicular lymphoma"
"Tecentriq Hybreza","Atezolizumab/hyaluronidase-tqjs","RO5541267","Melanoma"
"Nivestym","Filgrastim-aafi","Filgrastim","Acute myeloid leukemia"
"Zynyz","Retifanlimab-dlwr","INCMGA00012","Squamous Cell Carcinoma of the Anal Canal"
"Sarclisa","Isatuximab-irfc","SAR650984","Multiple myeloma"
"Avzivi","Bevacizumab-tnjn","ABP 215","Non-squamous non-small cell lung cancer"
"AJOVY","Fremanezumab","TEV-48125","Migraine"
"Trazimera","Trastuzumab-qyyp","PF-05280014","Breast Cancer"
"RINVOQ","upadacitinib","upadacitinib","Crohn’s Disease"
"Mekinist","Trametinib","GSK1120212","Anaplastic Thyroid Cancer"
"Casgevy","Exagamglogene autotemcel","Casgevy","Beta-Thalassemia"
"Zirabev","Bevacizumab-bvzr","PF-06439535","Renal Cell Carcinoma"
"Fruzaqla","Fruquintinib","HQP1351","Colorectal cancer"
"Imfinzi","Durvalumab","MEDI4736","Non-Small Cell Lung Cancer"
"Stimufend","Pegfilgrastim-fpgk","Pegfilgrastim","Hematopoietic Subsyndrome of Acute Radiation Syndrome"
"Zynlonta","Loncastuximab tesirine-lpyl","ADCT-402","Large B-cell lymphoma"
"Jaypirca","Pirtobrutinib","LOXO-305","Chronic Lymphocytic Leukemia / Small Lymphocytic Lymphoma"
"Emrelis","Telisotuzumab vedotin-tllv","Telisotuzumab vedotin","Non-small cell lung cancer"
"Zynyz","Retifanlimab-dlwr","INCMGA00012","Merkel Cell Carcinoma"
"Portrazza","Necitumumab","IMC-11F8","Squamous Non-Small Cell Lung Cancer"
"Darzalex","Daratumumab","JNJ-54767414","Multiple Myeloma"
"Imfinzi","Durvalumab","MEDI4736","Small Cell Lung Cancer"
"Udenyca","Pegfilgrastim-cbqv","Pegfilgrastim","Hematopoietic subsyndrome of acute radiation syndrome"
"Stivarga","Regorafenib","BAY 73-4506","Hepatocellular Carcinoma"
"Opdivo Qvantig","Nivolumab","Nivolumab","Renal Cell Carcinoma"
"Opdivo","Nivolumab","BMS-936558","Gastric Cancer"
"Truqap","Capivasertib","AZD5363","Breast Cancer"
"Retevmo","Selpercatinib","LOXO-292","Non-Small Cell Lung Cancer"
"Herzuma","Trastuzumab-pkrb","CT-P6","Gastric or Gastroesophageal Junction Adenocarcinoma"
"Stivarga","Regorafenib","BAY 73-4506","Gastrointestinal Stromal Tumor"
"NUCALA","mepolizumab","SB-240563","Chronic obstructive pulmonary disease"
"DUPIXENT","dupilumab","REGN668","Chronic Spontaneous Urticaria"
"NUCALA","mepolizumab","SB-240563","Chronic rhinosinusitis with nasal polyps"
"Lumakras","Sotorasib","AMG 510","Non-Small Cell Lung Cancer"
"Avtozma","Aflibercept-ayow","Aflibercept","Giant Cell Arteritis"
"Pavblu","Aflibercept","Aflibercept","Macular Edema"
"Avtozma","Aflibercept-ayow","Aflibercept","Rheumatoid Arthritis"
"Mektovi","Binimetinib","MEK162","Non-small cell lung cancer"
"Avzivi","Bevacizumab-tnjn","ABP 215","Metastatic colorectal cancer"
"Romvimza","Vimseltinib","Vimseltinib","Tenosynovial Giant Cell Tumor"
"Rylaze","Asparaginase erwinia chrysanthemi (recombinant)-rywn","NULL","Lymphoblastic lymphoma"
"Gavreto","Pralsetinib","BLU-667","Thyroid Cancer"
"Monjuvi","Tafasitamab-cxix","MOR208","Diffuse Large B-Cell Lymphoma"
"Mvasi","Bevacizumab-awwb","ABP 215","Renal cell carcinoma"
"tecelra","Tecelra","Tecelra","Synovial Sarcoma"
"Gazyva","Obinutuzumab","RO5072759","Lupus Nephritis"
"Jaypirca","Pirtobrutinib","LOXO-305","Mantle Cell Lymphoma"
"Tecvayli","Teclistamab-cqyv","JNJ-64007957","Multiple myeloma"
"Lenvima","Lenvatinib","E7080","Hepatocellular Carcinoma"
"Cyramza","Ramucirumab","IMC-1121B","Hepatocellular carcinoma"
"Epkinly","Epcoritamab-bysp","GEN3013","Diffuse Large B-cell Lymphoma and High-grade B-cell Lymphoma"
"Kymriah","Tisagenlecleucel","Kymriah","Large B-cell lymphoma"
"Yesintek","Aflibercept","Aflibercept","Psoriatic Arthritis"
"Tevimbra","Tislelizumab","BGB-A317","Esophageal Squamous Cell Carcinoma"
"Lazcluze","Lazertinib","Lazertinib","Non-small cell lung cancer"
"Revuforj","Revumenib","Revumenib","Acute myeloid leukemia"
"Erleada","Apalutamide","ARN-509","Prostate cancer"
"Zejula","Niraparib","MK-4827","Advanced epithelial ovarian, fallopian tube, or primary peritoneal cancer"
"Gilotrif","Afatinib","BIBW 2992","Non-Small Cell Lung Cancer"
"Cyramza","Ramucirumab","IMC-1121B","Non-small cell lung cancer"
"Tafinlar","Dabrafenib","GSK2118436","Melanoma"
"Lumisight","Pegulicianine","Pegulicianine","Breast Cancer"
"Tibsovo","Ivosidenib","AG-120","Myelodysplastic Syndromes"
"Orgovyx","Relugolix","NULL","Prostate cancer"
"Scemblix","Asciminib","ABL001","Chronic myeloid leukemia"
"Darzalex Faspro","Daratumumab/hyaluronidase-fihj","JNJ-54767414","Multiple Myeloma"
"Eylea HD","Aflibercept","Aflibercept","Diabetic Macular Edema"
"Osenvelt","Aflibercept","Aflibercept","Giant cell tumor of bone"
"Truxima","Rituximab-abbs","CT-P10","Granulomatosis with Polyangiitis and Microscopic Polyangiitis"
"Opdivo","Nivolumab","BMS-936558","Urothelial Carcinoma"
"Eylea HD","Aflibercept","Aflibercept","Diabetic Retinopathy"
"EMGALITY","Galcanezumab","LY2951742","Cluster headache"
"Zarxio","Filgrastim-sndz","Filgrastim","Hematopoietic syndrome of acute radiation syndrome"
"Rubraca","Rucaparib","AG-014699","Prostate cancer"
"Ninlaro","Ixazomib","MLN9708","Multiple myeloma"
"Itovebi","Inavolisib","Inavolisib","Breast Cancer"
"Danyelza","Naxitamab-gqgk","Hu3F8","Neuroblastoma"
"Imdelltra","Tarlatamab-dlle","Tarlatamab","Small Cell Lung Cancer"
"Alymsys","Bevacizumab-maly","MVASI","Glioblastoma"
"Truxima","Rituximab-abbs","CT-P10","Rheumatoid Arthritis"
"Rydapt","Midostaurin","PKC412","Acute Myeloid Leukemia"
"EMGALITY","Galcanezumab","LY2951742","Migraine"
"Perjeta","Pertuzumab","RO4368451","Breast Cancer"
"Ziextenzo","Pegfilgrastim-bmez","Pegfilgrastim","Non-myeloid malignancy"
"Kanjinti","Trastuzumab-anns","ABP 980","Breast Cancer"
"Orlynvah","Olverembatinib","Olverembatinib","Uncomplicated urinary tract infection"
"Retevmo","Selpercatinib","LOXO-292","Medullary Thyroid Cancer"
"Inrebic","Fedratinib","TG101348","Myelofibrosis"
"Posluma","Flotufolastat F 18","Posluma","Prostate cancer"
"Lumakras","Sotorasib","AMG 510","Colorectal Cancer"
"Imfinzi","Durvalumab","MEDI4736","Bladder Cancer"
"Mvasi","Bevacizumab-awwb","ABP 215","Glioblastoma"
"Fylnetra","Pegfilgrastim-pbbk","Pegfilgrastim","Hematopoietic subsyndrome of acute radiation syndrome"
"Zirabev","Bevacizumab-bvzr","PF-06439535","Colorectal Cancer"
"Talvey","Talquetamab-tgvs","JNJ-64407564","Multiple myeloma"
"Elzonris","Tagraxofusp-erzs","SL-401","Blastic plasmacytoid dendritic cell neoplasm"
"Talzenna","Talazoparib","BMN 673","Breast Cancer"
"Rytelo","Luspatercept-aamt","Luspatercept","Myelodysplastic Syndromes"
"Lymphoseek","Technetium Tc 99m tilmanocept","Lymphoseek","Squamous cell carcinoma of the oral cavity"
"Riabni","Rituximab-arrx","CT-P10","Pemphigus Vulgaris"
"Keytruda","Pembrolizumab","MK-3475","Endometrial Carcinoma"
"Alunbrig","Brigatinib","AP26113","Non-small cell lung cancer"
"Brukinsa","Zanubrutinib","BGB-3111","Marginal zone lymphoma"
"Phesgo","Pertuzumab/trastuzumab/hyaluronidase-zzxf","RO5314020","Breast Cancer"
"Hercessi","Trastuzumab-strf","CT-P6","Gastric or Gastroesophageal Junction Adenocarcinoma"
"Jemperli","Dostarlimab-gxly","TSR-042","Mismatch Repair Deficient Recurrent or Advanced Solid Tumors"
"Tafinlar","Dabrafenib","GSK2118436","Non-small cell lung cancer"
"Cytalux","Pafolacianine","Cytalux","Lung cancer"
